ID,First,Middle,Last,Email,Phone_number,Hire_date,job_ID,salary,department_ID,manager_ID
0001,Matthew,Elle,Fenty,MatthewFenty0001@tosz.com,13594692806,15/5/14,1,39785,010,0001
0002,Mary,Calvin,Connery,MaryConnery0002@tosz.com,13160138164,14/10/15,2,28467,010,0001
0003,Henry,Steven,Depp,HenryDepp0003@tosz.com,15187994810,21/3/18,4,12424,080,0003
0004,Lisa,Lawrence,Beatty,LisaBeatty0004@tosz.com,13727846432,08/11/25,6,9484,020,0004
0005,Hannah,Sean,Murdoch,HannahMurdoch0005@tosz.com,15114159707,05/12/30,2,15204,010,0001
0006,Ricky,Calvin,Fanning,RickyFanning0006@tosz.com,13783653230,09/4/22,7,9026,030,0006
0007,Henry,Calvin,Porter,HenryPorter0007@tosz.com,13781936621,10/2/18,3,12263,020,0004
0008,Brian,Christopher,Connery,BrianConnery0008@tosz.com,13774595115,19/6/22,4,12339,080,0003
0009,Brian,Rupert,Kudrow,BrianKudrow0009@tosz.com,13172248631,12/5/15,4,11164,080,0003
0010,Hannah,Bruce,Murdoch,HannahMurdoch0010@tosz.com,13543499556,19/11/3,6,11342,020,0004
0011,Walter,Orson,Lara,WalterLara0011@tosz.com,13746196714,06/4/13,3,17766,020,0004
0012,Hans,Dakota,Porter,HansPorter0012@tosz.com,13511731490,14/9/30,6,9813,020,0004
0013,Thomas,Valerie,Fanning,ThomasFanning0013@tosz.com,13194883965,17/9/18,2,25754,010,0001
0014,Henry,Steven,Pitt,HenryPitt0014@tosz.com,15125969048,09/4/12,5,9471,070,0014
0015,Keith,Elle,Perry,KeithPerry0015@tosz.com,13985150666,09/7/11,2,24229,010,0001
0016,Matthew,Orson,Willis,MatthewWillis0016@tosz.com,13199480354,19/7/14,5,12577,070,0014
0017,Ricky,Calvin,Beatty,RickyBeatty0017@tosz.com,15162368465,19/8/22,7,12739,030,0006
0018,Matthew,Calvin,Ponting,MatthewPonting0018@tosz.com,13918767949,03/11/10,3,12398,020,0004
0019,Hannah,Valerie,McCarthy,HannahMcCarthy0019@tosz.com,13778602358,06/7/3,6,12214,020,0004
0020,Keith,Dakota,Fanning,KeithFanning0020@tosz.com,13786828278,17/4/27,8,6273,020,0004
0020,David,Orson,Kudrow,DavidKudrow0020@tosz.com,15190250069,03/5/8,9,6955,020,0004
0021,Henry,Ross,Ponting,HenryPonting0021@tosz.com,15198633805,18/5/24,8,11764,020,0004
0022,Thomas,Bruce,Fanning,ThomasFanning0022@tosz.com,13131514807,12/1/31,17,6439,030,0006
0023,Keith,Orson,Fanning,KeithFanning0023@tosz.com,13786746509,22/4/2,9,9589,020,0004
0024,Keith,Langford,Schwimmer,KeithSchwimmer0024@tosz.com,13576870544,11/11/8,13,6378,040,0024
0025,Henry,Christopher,Perot,HenryPerot0025@tosz.com,13177005022,15/1/14,10,17075,060,0025
0026,Christopher,Rihanna,Perry,ChristopherPerry0026@tosz.com,13148278017,10/7/25,12,4382,080,0003
0027,Mary,Henry,Fenty,MaryFenty0027@tosz.com,13193946957,19/8/14,15,6801,030,0006
0028,James,Sean,Perot,JamesPerot0028@tosz.com,15197667553,23/2/12,8,8642,020,0004
0029,William,Warren,Connery,WilliamConnery0029@tosz.com,13982071335,14/3/22,10,11499,060,0025
0030,William,Steven,Schwimmer,WilliamSchwimmer0030@tosz.com,13923010763,10/5/19,11,7924,020,0004
0031,David,Henry,Nolan,DavidNolan0031@tosz.com,13942502589,18/3/29,9,6416,020,0004
0032,Matthew,Paul,Ponting,MatthewPonting0032@tosz.com,13132664065,20/8/4,10,15194,060,0025
0033,William,Rupert,Porter,WilliamPorter0033@tosz.com,13912645238,17/6/7,18,4936,050,0033
0034,Mary,Ross,Depp,MaryDepp0034@tosz.com,13186269814,18/1/12,11,6599,020,0004
0035,Robyn,Paul,Perry,RobynPerry0035@tosz.com,13987904418,13/4/1,18,6572,050,0033
0036,Thomas,Orson,Gayle,ThomasGayle0036@tosz.com,13973929222,2014-07-17,15,7020,030,0006
0037,John,Steven,Perot,JohnPerot0037@tosz.com,13718996518,2007-01-07,19,4394,070,0014
0038,Ricky,Florian,Beatty,RickyBeatty0038@tosz.com,13581007749,22/10/3,8,8338,020,0004
0039,Brian,Orson,Kudrow,BrianKudrow0039@tosz.com,13748937326,19/7/28,18,6529,050,0033
0040,Hannah,Dakota,Fanning,HannahFanning0040@tosz.com,15143956299,19/5/5,15,6214,030,0006
0041,John,Rupert,Fenty,JohnFenty0041@tosz.com,13980704884,2012-12-29,19,3713,070,0014
0042,Christopher,Bradley,McCarthy,ChristopherMcCarthy0042@tosz.com,13116331939,11/4/3,12,7713,080,0003
0043,Hannah,Sean,Pitt,HannahPitt0043@tosz.com,13729270331,06/10/23,8,6632,020,0004
0044,David,Sean,Coolidge,DavidCoolidge0044@tosz.com,13173572908,19/2/23,16,5821,010,0001
0045,Matthew,Henry,Gayle,MatthewGayle0045@tosz.com,13163761848,23/2/3,17,4374,030,0006
0046,David,Ross,Nolan,DavidNolan0046@tosz.com,13767545086,22/2/15,18,4805,050,0033
0047,William,Warren,Lara,WilliamLara0047@tosz.com,13188517639,21/5/18,16,6116,010,0001
0048,David,Warren,Fanning,DavidFanning0048@tosz.com,13743492500,17/5/7,13,4376,040,0024
0049,Henry,Thomas,Fenty,HenryFenty0049@tosz.com,13550216932,04/8/18,17,3702,030,0006
0050,Hannah,Orson,Gayle,HannahGayle0050@tosz.com,13999652289,07/2/26,18,5604,050,0033
0051,Christopher,Henry,Porter,ChristopherPorter0051@tosz.com,13994395051,16/7/4,12,5682,080,0003
0052,Ricky,Valerie,Murdoch,RickyMurdoch0052@tosz.com,13587783022,18/6/10,11,7504,020,0004
0053,Thomas,Warren,Gayle,ThomasGayle0053@tosz.com,13790600679,2008-07-05,19,4434,070,0014
0054,Matthew,Henry,Zimmer,MatthewZimmer0054@tosz.com,13131801777,16/4/14,10,18340,060,0025
0055,Thomas,Thomas,Kudrow,ThomasKudrow0055@tosz.com,13177260147,13/2/19,10,11002,060,0025
0056,Hans,Steven,Fanning,HansFanning0056@tosz.com,13162905367,05/8/24,18,3663,050,0033
0057,Hans,Calvin,Kudrow,HansKudrow0057@tosz.com,13141119119,12/9/8,10,14427,060,0025
0058,James,Charles,Pitt,JamesPitt0058@tosz.com,13134707301,18/5/2,10,11129,060,0025
0059,Christopher,Calvin,Kudrow,ChristopherKudrow0059@tosz.com,13130912321,07/6/6,14,6921,020,0004
0060,Matthew,Ross,McCarthy,MatthewMcCarthy0060@tosz.com,13578444422,09/5/27,12,6205,080,0003
0061,Matthew,Valerie,Schwimmer,MatthewSchwimmer0061@tosz.com,13758986872,10/10/29,13,8956,040,0024
0062,William,Rupert,Connery,WilliamConnery0062@tosz.com,13959932433,13/6/23,15,7822,030,0006
0063,Christopher,Dakota,Murdoch,ChristopherMurdoch0063@tosz.com,13949581002,05/3/15,11,4560,020,0004
0064,Henry,Warren,Fanning,HenryFanning0064@tosz.com,13535489244,14/3/12,16,4187,010,0001
0065,Henry,Bruce,Kipling,HenryKipling0065@tosz.com,13576845775,07/3/16,15,8470,030,0006
0066,William,Christopher,Pitt,WilliamPitt0066@tosz.com,13975082308,15/8/8,13,7179,040,0024
0067,Matthew,Jonathan,Willis,MatthewWillis0067@tosz.com,13186056795,12/11/18,14,8890,020,0004
0068,William,Henry,Porter,WilliamPorter0068@tosz.com,13552767771,06/1/24,10,12453,060,0025
0069,Thomas,Rihanna,Gayle,ThomasGayle0069@tosz.com,13575792176,04/7/11,8,7151,020,0004
0070,Robyn,Paul,Zimmer,RobynZimmer0070@tosz.com,13794690168,12/7/17,12,6902,080,0003
0071,David,Calvin,Beatty,DavidBeatty0071@tosz.com,13757310399,09/2/13,10,11273,060,0025
0072,James,Henry,Zimmer,JamesZimmer0072@tosz.com,13141666109,13/2/6,11,5672,020,0004
0073,David,Thomas,Depp,DavidDepp0073@tosz.com,13993032925,04/1/3,11,7953,020,0004
0074,Mary,Orson,Fanning,MaryFanning0074@tosz.com,13151587529,10/2/21,13,8211,040,0024
0075,Joseph,Henry,Kipling,JosephKipling0075@tosz.com,13916853838,20/5/5,12,8254,080,0003
0076,Keith,Thomas,Coolidge,KeithCoolidge0076@tosz.com,13750002653,15/10/10,8,10181,020,0004
0077,Hannah,Steven,Fanning,HannahFanning0077@tosz.com,13130586228,2013-11-08,19,3489,070,0014
0078,Henry,Warren,Fanning,HenryFanning0078@tosz.com,13721118812,10/10/3,17,4743,030,0006
0079,David,Warren,Fanning,DavidFanning0079@tosz.com,13788001443,13/11/20,14,6745,020,0004
0080,Lisa,Christopher,Gayle,LisaGayle0080@tosz.com,13591349677,10/2/14,10,18850,060,0025
0081,Hans,Orson,Nolan,HansNolan0081@tosz.com,13928481233,16/8/14,17,5626,030,0006
0082,Henry,Warren,Fanning,HenryFanning0082@tosz.com,13541866598,2021-10-03,19,5853,070,0014
0083,George,Bruce,Coolidge,GeorgeCoolidge0083@tosz.com,13520628103,09/4/29,17,6161,030,0006
0084,Henry,Valerie,Beatty,HenryBeatty0084@tosz.com,13539486493,09/3/23,13,4774,040,0024
0085,Hannah,Ross,Fanning,HannahFanning0085@tosz.com,15172861369,22/11/6,17,4143,030,0006
0086,Thomas,Ross,Willis,ThomasWillis0086@tosz.com,13592345541,2015-05-06,19,3438,070,0014
0087,Christopher,Bradley,Perry,ChristopherPerry0087@tosz.com,13187513809,17/3/2,15,6480,030,0006
0088,Hannah,Henry,Connery,HannahConnery0088@tosz.com,15196155145,11/9/17,8,8183,020,0004
0089,William,Henry,Zimmer,WilliamZimmer0089@tosz.com,13987588448,14/1/19,9,7432,020,0004
0090,Hans,Jonathan,Fanning,HansFanning0090@tosz.com,13722269070,03/9/11,15,6048,030,0006
0091,Hans,Sean,Pitt,HansPitt0091@tosz.com,15185189851,22/3/18,15,7185,030,0006
0092,James,Paul,Ponting,JamesPonting0092@tosz.com,13573883890,20/12/17,14,5794,020,0004
0093,Hans,Warren,LeBlanc,HansLeBlanc0093@tosz.com,15160995990,14/12/11,8,10095,020,0004
0094,William,Jonathan,Porter,WilliamPorter0094@tosz.com,13545755798,11/10/19,14,6031,020,0004
0095,Hans,Orson,Gayle,HansGayle0095@tosz.com,13919247464,12/10/7,18,6594,050,0033
0096,Matthew,Ross,Gayle,MatthewGayle0096@tosz.com,13929170650,17/1/4,9,6285,020,0004
0097,Henry,Lawrence,Lara,HenryLara0097@tosz.com,13187455246,2009-03-24,19,6561,070,0014
0098,John,Ross,Lara,JohnLara0098@tosz.com,15126780781,07/2/1,17,4955,030,0006
0099,Mary,Ross,Kudrow,MaryKudrow0099@tosz.com,13789652635,22/7/26,11,4301,020,0004
0100,Joseph,Warren,Connery,JosephConnery0100@tosz.com,13979131843,11/3/3,15,6990,030,0006
0101,James,Sean,McCarthy,JamesMcCarthy0101@tosz.com,15174801214,08/3/17,13,8760,040,0024
0102,Christopher,Rudyard,Ponting,ChristopherPonting0102@tosz.com,13158005378,08/7/26,17,5375,030,0006
0103,Brian,Lawrence,Depp,BrianDepp0103@tosz.com,13150257688,21/8/17,16,6413,010,0001
0104,Robyn,Christopher,Welles,RobynWelles0104@tosz.com,13794211961,08/9/22,10,13430,060,0025
0105,Brian,Steven,Coolidge,BrianCoolidge0105@tosz.com,13577213042,08/9/17,10,14479,060,0025
0106,William,Steven,Coolidge,WilliamCoolidge0106@tosz.com,15147121741,16/2/26,14,5143,020,0004
0107,John,Elle,Lara,JohnLara0107@tosz.com,15126580309,13/2/12,10,19696,060,0025
0108,Ricky,Paul,Depp,RickyDepp0108@tosz.com,13528976882,05/8/3,18,4368,050,0033
0109,James,Valerie,Perry,JamesPerry0109@tosz.com,15193985087,10/8/1,18,6609,050,0033
0110,Hannah,Langford,Fanning,HannahFanning0110@tosz.com,13535799556,08/1/16,13,8229,040,0024
0111,George,Sean,Beatty,GeorgeBeatty0111@tosz.com,15144278489,2016-08-06,19,6385,070,0014
0112,William,Bradley,LeBlanc,WilliamLeBlanc0112@tosz.com,13949570457,20/10/29,15,5907,030,0006
0113,Keith,Rihanna,Pitt,KeithPitt0113@tosz.com,13560541594,03/10/13,12,4971,080,0003
0114,Henry,Warren,Perot,HenryPerot0114@tosz.com,13935300224,20/1/18,18,4651,050,0033
0115,Henry,Lawrence,Kipling,HenryKipling0115@tosz.com,13973983097,20/5/9,12,6673,080,0003
0116,Matthew,Steven,Fanning,MatthewFanning0116@tosz.com,13146948300,14/4/6,15,8106,030,0006
0117,Keith,Rudyard,Welles,KeithWelles0117@tosz.com,13934763349,21/9/21,9,4858,020,0004
0118,Lisa,Bruce,Beatty,LisaBeatty0118@tosz.com,13146732069,17/10/18,11,6222,020,0004
0119,James,Valerie,Ponting,JamesPonting0119@tosz.com,13522050952,05/10/11,16,5002,010,0001
0120,Brian,Elle,LeBlanc,BrianLeBlanc0120@tosz.com,13564011857,17/8/26,16,4246,010,0001
0121,Robyn,Thomas,Welles,RobynWelles0121@tosz.com,13976352511,05/3/10,8,8943,020,0004
0122,Hannah,Valerie,Coolidge,HannahCoolidge0122@tosz.com,13984168444,03/8/12,15,7816,030,0006
0123,Keith,Rihanna,LeBlanc,KeithLeBlanc0123@tosz.com,13964013497,16/9/2,12,8121,080,0003
0124,Mary,Warren,Zimmer,MaryZimmer0124@tosz.com,13799899491,19/6/22,13,6717,040,0024
0125,Mary,Orson,McCarthy,MaryMcCarthy0125@tosz.com,13776464299,04/7/17,15,5636,030,0006
0126,Henry,Lawrence,Nolan,HenryNolan0126@tosz.com,15174330366,19/5/6,12,7006,080,0003
0127,Christopher,Ross,Ponting,ChristopherPonting0127@tosz.com,13918110632,15/1/20,12,7886,080,0003
0128,Matthew,Florian,Fanning,MatthewFanning0128@tosz.com,13123476375,13/6/24,14,5649,020,0004
0129,Matthew,Lawrence,Nolan,MatthewNolan0129@tosz.com,13110427078,12/3/1,17,3999,030,0006
0130,Matthew,Henry,Gayle,MatthewGayle0130@tosz.com,13767999947,2011-09-19,19,6660,070,0014
0131,Matthew,Henry,Zimmer,MatthewZimmer0131@tosz.com,15198782017,2011-11-08,19,5858,070,0014
0132,Christopher,Rihanna,Pitt,ChristopherPitt0132@tosz.com,13922205149,13/8/10,14,5280,020,0004
0133,Mary,Henry,Kipling,MaryKipling0133@tosz.com,15155939769,23/1/31,12,4948,080,0003
0134,Walter,Bradley,Beatty,WalterBeatty0134@tosz.com,15119639347,09/2/3,10,18757,060,0025
0135,George,Rudyard,Fanning,GeorgeFanning0135@tosz.com,15146716302,17/3/15,11,5808,020,0004
0136,Brian,Rihanna,Nolan,BrianNolan0136@tosz.com,15152483489,06/11/12,12,7673,080,0003
0137,Christopher,Sean,Beatty,ChristopherBeatty0137@tosz.com,13528497275,04/1/7,13,5503,040,0024
0138,Henry,Valerie,Zimmer,HenryZimmer0138@tosz.com,13798218677,17/2/15,8,6054,020,0004
0139,David,Langford,Gayle,DavidGayle0139@tosz.com,13792509776,16/4/21,8,8144,020,0004
0140,Christopher,Bradley,Fenty,ChristopherFenty0140@tosz.com,13950963088,06/11/28,8,7692,020,0004
0141,Matthew,Steven,Kudrow,MatthewKudrow0141@tosz.com,13178369189,11/11/6,10,19160,060,0025
0142,Mary,Bradley,Fanning,MaryFanning0142@tosz.com,15158478988,17/1/14,17,6068,030,0006
0143,Christopher,Sean,Depp,ChristopherDepp0143@tosz.com,15160346336,18/5/23,16,4748,010,0001
0144,Thomas,Thomas,Depp,ThomasDepp0144@tosz.com,15123439137,08/8/24,18,6742,050,0033
0145,Matthew,Lawrence,Lara,MatthewLara0145@tosz.com,13539600452,07/8/3,8,6682,020,0004
0146,Lisa,Rihanna,LeBlanc,LisaLeBlanc0146@tosz.com,13927253104,12/8/20,8,11514,020,0004
0147,Brian,Bruce,Fanning,BrianFanning0147@tosz.com,13749971886,05/6/27,8,10235,020,0004
0148,Brian,Ross,Fanning,BrianFanning0148@tosz.com,13726142590,19/11/16,15,6330,030,0006
0149,William,Bruce,McCarthy,WilliamMcCarthy0149@tosz.com,13114170817,16/1/22,9,7606,020,0004
0150,Ricky,Orson,Fanning,RickyFanning0150@tosz.com,13763611772,12/7/26,11,5179,020,0004
0151,Matthew,Christopher,Porter,MatthewPorter0151@tosz.com,13166460323,16/12/30,16,5419,010,0001
0152,John,Dakota,Willis,JohnWillis0152@tosz.com,15187803299,03/8/8,17,6872,030,0006
0153,Christopher,Langford,Nolan,ChristopherNolan0153@tosz.com,13579395493,14/9/30,9,4552,020,0004
0154,Christopher,Bruce,Welles,ChristopherWelles0154@tosz.com,13721156067,13/5/6,16,6485,010,0001
0155,George,Bradley,Kipling,GeorgeKipling0155@tosz.com,15185099465,13/12/9,18,5617,050,0033
0156,David,Rupert,LeBlanc,DavidLeBlanc0156@tosz.com,13721936035,2003-10-19,19,6414,070,0014
0157,Robyn,Thomas,Kudrow,RobynKudrow0157@tosz.com,13521846434,05/6/30,12,5552,080,0003
0158,Matthew,Rupert,Perot,MatthewPerot0158@tosz.com,13748375538,08/10/30,15,5551,030,0006
0159,Christopher,Rupert,Willis,ChristopherWillis0159@tosz.com,13741804731,14/11/1,17,6199,030,0006
0160,George,Bruce,Porter,GeorgePorter0160@tosz.com,13942015349,05/3/7,17,4970,030,0006
0161,Keith,Orson,McCarthy,KeithMcCarthy0161@tosz.com,15139121409,16/5/14,17,5849,030,0006
0162,Henry,Steven,Depp,HenryDepp0162@tosz.com,13156347756,13/3/14,17,3900,030,0006
0163,Christopher,Elle,Welles,ChristopherWelles0163@tosz.com,13193868052,04/2/4,15,5889,030,0006
0164,William,Henry,Murdoch,WilliamMurdoch0164@tosz.com,13167590524,2005-06-19,19,4429,070,0014
0165,Matthew,Paul,Perry,MatthewPerry0165@tosz.com,15117613240,08/8/21,11,7586,020,0004
0166,Lisa,Henry,Schwimmer,LisaSchwimmer0166@tosz.com,13167690490,08/4/12,9,5566,020,0004
0167,James,Calvin,Depp,JamesDepp0167@tosz.com,13113964039,19/1/28,8,8932,020,0004
0168,Joseph,Jonathan,Connery,JosephConnery0168@tosz.com,15122656391,15/2/28,17,3908,030,0006
0169,Henry,Steven,Fenty,HenryFenty0169@tosz.com,13936739778,03/6/13,15,6574,030,0006
0170,William,Lawrence,Depp,WilliamDepp0170@tosz.com,13937758904,20/3/31,17,4185,030,0006
0171,William,Dakota,Fanning,WilliamFanning0171@tosz.com,13160438727,17/5/17,12,7125,080,0003
0172,Hannah,Jonathan,Zimmer,HannahZimmer0172@tosz.com,13923181867,17/4/20,12,6758,080,0003
0173,James,Langford,McCarthy,JamesMcCarthy0173@tosz.com,13983614812,16/5/21,9,5007,020,0004
0174,Christopher,Lawrence,Beatty,ChristopherBeatty0174@tosz.com,13524163279,07/5/7,16,7204,010,0001
0175,John,Rupert,Connery,JohnConnery0175@tosz.com,13517475613,10/9/29,14,7060,020,0004
0176,Christopher,Calvin,Nolan,ChristopherNolan0176@tosz.com,13568091815,11/8/15,12,8073,080,0003
0177,James,Langford,McCarthy,JamesMcCarthy0177@tosz.com,13974361510,04/4/3,8,11173,020,0004
0178,Thomas,Florian,Coolidge,ThomasCoolidge0178@tosz.com,13962643850,22/7/9,12,7455,080,0003
0179,George,Henry,Nolan,GeorgeNolan0179@tosz.com,13167338177,12/5/30,12,5576,080,0003
0180,Hannah,Warren,Murdoch,HannahMurdoch0180@tosz.com,15165954109,04/4/17,10,16727,060,0025
0181,Matthew,Bruce,Gayle,MatthewGayle0181@tosz.com,13790123957,21/7/3,16,7513,010,0001
0182,Matthew,Warren,Welles,MatthewWelles0182@tosz.com,13562064643,05/11/26,11,8849,020,0004
0183,Christopher,Ross,Welles,ChristopherWelles0183@tosz.com,13552165727,04/5/17,12,8731,080,0003
0184,George,Rupert,McCarthy,GeorgeMcCarthy0184@tosz.com,15191375788,04/12/10,9,9808,020,0004
0185,William,Ross,Ponting,WilliamPonting0185@tosz.com,13945693821,03/5/6,17,6966,030,0006
0186,Matthew,Elle,LeBlanc,MatthewLeBlanc0186@tosz.com,13539255614,15/2/28,13,6362,040,0024
0187,John,Lawrence,Murdoch,JohnMurdoch0187@tosz.com,13148601465,18/5/8,13,7588,040,0024
0188,Robyn,Paul,Zimmer,RobynZimmer0188@tosz.com,13948733086,14/5/31,8,9763,020,0004
0189,Walter,Calvin,Fanning,WalterFanning0189@tosz.com,13966116690,14/3/11,18,4718,050,0033
0190,Matthew,Warren,Schwimmer,MatthewSchwimmer0190@tosz.com,13783149467,06/8/11,13,7656,040,0024
0191,Keith,Florian,Kipling,KeithKipling0191@tosz.com,15151969908,09/7/23,17,6796,030,0006
0192,Henry,Orson,Perot,HenryPerot0192@tosz.com,13590583176,2010-03-27,19,6808,070,0014
0193,John,Valerie,Perry,JohnPerry0193@tosz.com,13124221060,20/10/21,14,6904,020,0004
0194,James,Langford,Porter,JamesPorter0194@tosz.com,15178757588,04/7/22,8,9811,020,0004
0195,Hannah,Elle,Schwimmer,HannahSchwimmer0195@tosz.com,15116426187,16/9/26,10,14554,060,0025
0196,Ricky,Lawrence,Pitt,RickyPitt0196@tosz.com,13147729375,22/9/11,9,9634,020,0004
0197,Brian,Charles,Porter,BrianPorter0197@tosz.com,13191485388,10/11/11,18,4125,050,0033
0198,Hannah,Paul,Pitt,HannahPitt0198@tosz.com,13180930199,18/9/1,9,9723,020,0004
0199,Brian,Florian,Welles,BrianWelles0199@tosz.com,15127012208,12/11/16,13,7475,040,0024
,,,,,,,,,,
,,,,,,,,,,
,,,,,,,,,,
,,,,,,,,,,
,,,,,,,,,,
,,,,,,,,,,
,,,,,,,,,,
,,,,,,,,,,
,,,,,,,,,,
,,,,,,,,,,
,,,,,,,,,,
,,,,,,,,,,
,,,,,,,,,,
,,,,,,,,,,
,,,,,,,,,,
,,,,,,,,,,
,,,,,,,,,,
,,,,,,,,,,
,,,,,,,,,,
,,,,,,,,,,
